__quarterly__,y,*,y_tnd,*,diff_y_tnd,*,y_gap,*,diff_cpi,*,diff4_cpi,*,E_diff_cpi,*,rs,*,rrs_gap,*,rrs,*,cpi,*,shk_y_tnd,*,shk_y_gap,*,shk_diff_cpi,*,shk_rs,*,shk_E_diff_cpi,*,ant_shk_y_gap,*,ant_shk_diff_cpi,*,ant_shk_rs,*,obs_y,*,obs_y_gap,*,obs_y_gap4,*,obs_rs,*,obs_cpi,*,ss_rrs,*,ss_diff_cpi,*,ss_diff_y_tnd,*,c0_y_gap,*,c1_y_gap,*,c0_diff_cpi,*,c1_diff_cpi,*,c1_E_diff_cpi,*,c0_rs,*,c1_rs,*,std_shk_y_tnd,*,std_shk_y_gap,*,std_shk_diff_cpi,*,std_shk_rs,*,std_shk_E_diff_cpi,*,
2000-Q1,946.771157645587,946.771157645587,945.386342692551,945.386342692551,,,1.384814953036,1.384814953036,2.495046365866,2.495046365866,2.133007910208,2.133007910208,,,5.52,5.52,,,,,517.558460116574,517.558460116574,,,,,,,,,,,,,,,,,,,,,,,,,,,,,,,,,,,,,,,,,,,,,,,,,,,,,,,,,
2000-Q2,948.575366479825,948.575366479825,946.199906228491,946.199906228491,,,2.375460251334,2.375460251334,2.554478929857,2.554478929857,2.310708831752,2.310708831752,,,5.713333333,5.713333333,,,,,518.197079849038,518.197079849038,,,,,,,,,,,,,,,,,,,,,,,,,,,,,,,,,,,,,,,,,,,,,,,,,,,,,,,,,
2000-Q3,948.675090866784,948.675090866784,946.985239301744,946.985239301744,,,1.689851565041,1.689851565041,2.835832848281,2.835832848281,2.541791738965,2.541791738965,,,6.016666667,6.016666667,,,,,518.906038061109,518.906038061109,,,,,,,,,,,,,,,,,,,,,,,,,,,,,,,,,,,,,,,,,,,,,,,,,,,,,,,,,
2000-Q4,949.26769326032,949.26769326032,947.74433091667,947.74433091667,,,1.523362343649,1.523362343649,2.224699839274,2.224699839274,2.52751449582,2.52751449582,,,6.016666667,6.016666667,,,,,519.462213020927,519.462213020927,,,,,,,,,,,,,,,,,,,,,,,,,,,,,,,,,,,,,,,,,,,,,,,,,,,,,,,,,
2001-Q1,948.94294552197,948.94294552197,948.48022623486,948.48022623486,,,0.46271928711,0.46271928711,3.167312304631,3.167312304631,2.695580980511,2.695580980511,,,4.816666667,4.816666667,,,,,520.254041097085,520.254041097085,,,,,,,,,,,,,,,,,,,,,,,,,,,,,,,,,,,,,,,,,,,,,,,,,,,,,,,,,
2001-Q2,949.562412074752,949.562412074752,949.196922519366,949.196922519366,,,0.365489555386,0.365489555386,2.559657770388,2.559657770388,2.696875690644,2.696875690644,,,3.66,3.66,,,,,520.893955539682,520.893955539682,,,,,,,,,,,,,,,,,,,,,,,,,,,,,,,,,,,,,,,,,,,,,,,,,,,,,,,,,
2001-Q3,949.161259516663,949.161259516663,949.898706232798,949.898706232798,,,-0.737446716135,-0.737446716135,2.833027369755,2.833027369755,2.696174321012,2.696174321012,,,3.17,3.17,,,,,521.602212382121,521.602212382121,,,,,,,,,,,,,,,,,,,,,,,,,,,,,,,,,,,,,,,,,,,,,,,,,,,,,,,,,
2001-Q4,949.438190068296,949.438190068296,950.590092268738,950.590092268738,,,-1.151902200441,-1.151902200441,2.52548875361,2.52548875361,2.771371549596,2.771371549596,,,1.906666667,1.906666667,,,,,522.233584570523,522.233584570523,,,,,,,,,,,,,,,,,,,,,,,,,,,,,,,,,,,,,,,,,,,,,,,,,,,,,,,,,
2002-Q1,950.263006303116,950.263006303116,951.275134616567,951.275134616567,,,-1.01212831345,-1.01212831345,2.080535441146,2.080535441146,2.499677333725,2.499677333725,,,1.72,1.72,,,,,522.75371843081,522.75371843081,,,,,,,,,,,,,,,,,,,,,,,,,,,,,,,,,,,,,,,,,,,,,,,,,,,,,,,,,
2002-Q2,950.876622279462,950.876622279462,951.957167326794,951.957167326794,,,-1.080545047332,-1.080545047332,1.856151894157,1.856151894157,2.323800864667,2.323800864667,,,1.713333333,1.713333333,,,,,523.217756404349,523.217756404349,,,,,,,,,,,,,,,,,,,,,,,,,,,,,,,,,,,,,,,,,,,,,,,,,,,,,,,,,
2002-Q3,951.27933899007,951.27933899007,952.638891869733,952.638891869733,,,-1.359552879663,-1.359552879663,1.918468905397,1.918468905397,2.095161248578,2.095161248578,,,1.643333333,1.643333333,,,,,523.697373630698,523.697373630698,,,,,,,,,,,,,,,,,,,,,,,,,,,,,,,,,,,,,,,,,,,,,,,,,,,,,,,,,
2002-Q4,951.409909476756,951.409909476756,953.322334375039,953.322334375039,,,-1.912424898283,-1.912424898283,1.627025039125,1.627025039125,1.870545319957,1.870545319957,,,1.333333333,1.333333333,,,,,524.10412989048,524.10412989048,,,,,,,,,,,,,,,,,,,,,,,,,,,,,,,,,,,,,,,,,,,,,,,,,,,,,,,,,
2003-Q1,951.92530223055,951.92530223055,954.008671251821,954.008671251821,,,-2.083369021271,-2.083369021271,1.479786766274,1.479786766274,1.720358151239,1.720358151239,,,1.156666667,1.156666667,,,,,524.474076582048,524.474076582048,,,,,,,,,,,,,,,,,,,,,,,,,,,,,,,,,,,,,,,,,,,,,,,,,,,,,,,,,
2003-Q2,952.814713021653,952.814713021653,954.697883643624,954.697883643624,,,-1.883170621972,-1.883170621972,1.053648866142,1.053648866142,1.519732394235,1.519732394235,,,1.04,1.04,,,,,524.737488798584,524.737488798584,,,,,,,,,,,,,,,,,,,,,,,,,,,,,,,,,,,,,,,,,,,,,,,,,,,,,,,,,
2003-Q3,954.467869055579,954.467869055579,955.388650588358,955.388650588358,,,-0.920781532779,-0.920781532779,1.819775527162,1.819775527162,1.495059049676,1.495059049676,,,0.93,0.93,,,,,525.192432680374,525.192432680374,,,,,,,,,,,,,,,,,,,,,,,,,,,,,,,,,,,,,,,,,,,,,,,,,,,,,,,,,
2003-Q4,955.615306468873,955.615306468873,956.07847414229,956.07847414229,,,-0.463167673418,-0.463167673418,1.672476304452,1.672476304452,1.506421866008,1.506421866008,,,0.916666667,0.916666667,,,,,525.610551756487,525.610551756487,,,,,,,,,,,,,,,,,,,,,,,,,,,,,,,,,,,,,,,,,,,,,,,,,,,,,,,,,
2004-Q1,956.186588029973,956.186588029973,956.764280873234,956.764280873234,,,-0.57769284326,-0.57769284326,2.011623142178,2.011623142178,1.639380959984,1.639380959984,,,0.916666667,0.916666667,,,,,526.113457542032,526.113457542032,,,,,,,,,,,,,,,,,,,,,,,,,,,,,,,,,,,,,,,,,,,,,,,,,,,,,,,,,
2004-Q2,956.962310268135,956.962310268135,957.442707869203,957.442707869203,,,-0.480397601068,-0.480397601068,2.758156006987,2.758156006987,2.065507745195,2.065507745195,,,1.076666667,1.076666667,,,,,526.802996543779,526.802996543779,,,,,,,,,,,,,,,,,,,,,,,,,,,,,,,,,,,,,,,,,,,,,,,,,,,,,,,,,
2004-Q3,957.89915536283,957.89915536283,958.110031160188,958.110031160188,,,-0.210875797358,-0.210875797358,1.78265643029,1.78265643029,2.056227970977,2.056227970977,,,1.486666667,1.486666667,,,,,527.248660651351,527.248660651351,,,,,,,,,,,,,,,,,,,,,,,,,,,,,,,,,,,,,,,,,,,,,,,,,,,,,,,,,
2004-Q4,958.91599534648,958.91599534648,958.762226527677,958.762226527677,,,0.153768818803,0.153768818803,2.523237350283,2.523237350283,2.268918232435,2.268918232435,,,2.006666667,2.006666667,,,,,527.879469988922,527.879469988922,,,,,,,,,,,,,,,,,,,,,,,,,,,,,,,,,,,,,,,,,,,,,,,,,,,,,,,,,
2005-Q1,960.020752873593,960.020752873593,959.395137955784,959.395137955784,,,0.625614917809,0.625614917809,2.304700631102,2.304700631102,2.342187604665,2.342187604665,,,2.536666667,2.536666667,,,,,528.455645146698,528.455645146698,,,,,,,,,,,,,,,,,,,,,,,,,,,,,,,,,,,,,,,,,,,,,,,,,,,,,,,,,
2005-Q2,960.506177259115,960.506177259115,960.004705534137,960.004705534137,,,0.501471724978,0.501471724978,2.157066096991,2.157066096991,2.191915127166,2.191915127166,,,2.863333333,2.863333333,,,,,528.994911670945,528.994911670945,,,,,,,,,,,,,,,,,,,,,,,,,,,,,,,,,,,,,,,,,,,,,,,,,,,,,,,,,
2005-Q3,961.28872929818,961.28872929818,960.587260361683,960.587260361683,,,0.701468936497,0.701468936497,1.342283206016,1.342283206016,2.081821821098,2.081821821098,,,3.36,3.36,,,,,529.330482472449,529.330482472449,,,,,,,,,,,,,,,,,,,,,,,,,,,,,,,,,,,,,,,,,,,,,,,,,,,,,,,,,
2005-Q4,961.855050904261,961.855050904261,961.139446957203,961.139446957203,,,0.715603947058,0.715603947058,2.604567178912,2.604567178912,2.102154278255,2.102154278255,,,3.826666667,3.826666667,,,,,529.981624267177,529.981624267177,,,,,,,,,,,,,,,,,,,,,,,,,,,,,,,,,,,,,,,,,,,,,,,,,,,,,,,,,
2006-Q1,963.194703474014,963.194703474014,961.658348257559,961.658348257559,,,1.536355216456,1.536355216456,2.587717410177,2.587717410177,2.172908473024,2.172908473024,,,4.393333333,4.393333333,,,,,530.628553619721,530.628553619721,,,,,,,,,,,,,,,,,,,,,,,,,,,,,,,,,,,,,,,,,,,,,,,,,,,,,,,,,
2006-Q2,963.439986140538,963.439986140538,962.14149445208,962.14149445208,,,1.298491688458,1.298491688458,2.899518527933,2.899518527933,2.358521580759,2.358521580759,,,4.703333333,4.703333333,,,,,531.353433251705,531.353433251705,,,,,,,,,,,,,,,,,,,,,,,,,,,,,,,,,,,,,,,,,,,,,,,,,,,,,,,,,
2006-Q3,963.590329256726,963.590329256726,962.587375952107,962.587375952107,,,1.002953304619,1.002953304619,2.748252263208,2.748252263208,2.710013845057,2.710013845057,,,4.906666667,4.906666667,,,,,532.040496317507,532.040496317507,,,,,,,,,,,,,,,,,,,,,,,,,,,,,,,,,,,,,,,,,,,,,,,,,,,,,,,,,
2006-Q4,964.430501599974,964.430501599974,962.995294726284,962.995294726284,,,1.435206873689,1.435206873689,2.14617212657,2.14617212657,2.595415081972,2.595415081972,,,4.903333333,4.903333333,,,,,532.577039349149,532.577039349149,,,,,,,,,,,,,,,,,,,,,,,,,,,,,,,,,,,,,,,,,,,,,,,,,,,,,,,,,
2007-Q1,964.723670300895,964.723670300895,963.365179589073,963.365179589073,,,1.358490711822,1.358490711822,2.73813401704,2.73813401704,2.633019233688,2.633019233688,,,4.983333333,4.983333333,,,,,533.261572853409,533.261572853409,,,,,,,,,,,,,,,,,,,,,,,,,,,,,,,,,,,,,,,,,,,,,,,,,,,,,,,,,
2007-Q2,965.360075470575,965.360075470575,963.697856359229,963.697856359229,,,1.662219111346,1.662219111346,2.321349219841,2.321349219841,2.488476906665,2.488476906665,,,4.736666667,4.736666667,,,,,533.841910158369,533.841910158369,,,,,,,,,,,,,,,,,,,,,,,,,,,,,,,,,,,,,,,,,,,,,,,,,,,,,,,,,
2007-Q3,965.960575512094,965.960575512094,963.994999912203,963.994999912203,,,1.96557559989,1.96557559989,2.448021662751,2.448021662751,2.41341925655,2.41341925655,,,4.303333333,4.303333333,,,,,534.453915574057,534.453915574057,,,,,,,,,,,,,,,,,,,,,,,,,,,,,,,,,,,,,,,,,,,,,,,,,,,,,,,,,
2007-Q4,966.568368704112,966.568368704112,964.259324010393,964.259324010393,,,2.309044693719,2.309044693719,3.052690013396,3.052690013396,2.640048728257,2.640048728257,,,3.39,3.39,,,,,535.217088077406,535.217088077406,,,,,,,,,,,,,,,,,,,,,,,,,,,,,,,,,,,,,,,,,,,,,,,,,,,,,,,,,
2008-Q1,966.160106974973,966.160106974973,964.494770900945,964.494770900945,,,1.665336074029,1.665336074029,2.959344659589,2.959344659589,2.695351388894,2.695351388894,,,2.043333333,2.043333333,,,,,535.956924242304,535.956924242304,,,,,,,,,,,,,,,,,,,,,,,,,,,,,,,,,,,,,,,,,,,,,,,,,,,,,,,,,
2008-Q2,966.730770931016,966.730770931016,964.706725983938,964.706725983938,,,2.024044947078,2.024044947078,2.456775948069,2.456775948069,2.729208070951,2.729208070951,,,1.626666667,1.626666667,,,,,536.571118229321,536.571118229321,,,,,,,,,,,,,,,,,,,,,,,,,,,,,,,,,,,,,,,,,,,,,,,,,,,,,,,,,
2008-Q3,966.202485053,966.202485053,964.901615494498,964.901615494498,,,1.300869558503,1.300869558503,3.451405271687,3.451405271687,2.980053973185,2.980053973185,,,1.493333333,1.493333333,,,,,537.433969547243,537.433969547243,,,,,,,,,,,,,,,,,,,,,,,,,,,,,,,,,,,,,,,,,,,,,,,,,,,,,,,,,
2008-Q4,963.995205744575,963.995205744575,965.087130695842,965.087130695842,,,-1.091924951267,-1.091924951267,1.505984545469,1.505984545469,2.593377606204,2.593377606204,,,0.296666667,0.296666667,,,,,537.81046568361,537.81046568361,,,,,,,,,,,,,,,,,,,,,,,,,,,,,,,,,,,,,,,,,,,,,,,,,,,,,,,,,
2009-Q1,962.822635399101,962.822635399101,965.271775894663,965.271775894663,,,-2.449140495561,-2.449140495561,1.400365715575,1.400365715575,2.2036328702,2.2036328702,,,0.213333333,0.213333333,,,,,538.160557112504,538.160557112504,,,,,,,,,,,,,,,,,,,,,,,,,,,,,,,,,,,,,,,,,,,,,,,,,,,,,,,,,
2009-Q2,962.65325389092,962.65325389092,965.463372944556,965.463372944556,,,-2.810119053636,-2.810119053636,1.438876840978,1.438876840978,1.949158093427,1.949158093427,,,0.173333333,0.173333333,,,,,538.520276322748,538.520276322748,,,,,,,,,,,,,,,,,,,,,,,,,,,,,,,,,,,,,,,,,,,,,,,,,,,,,,,,,
2009-Q3,963.014530491167,963.014530491167,965.66821298631,965.66821298631,,,-2.653682495143,-2.653682495143,0.834622849128,0.834622849128,1.294962487787,1.294962487787,,,0.156666667,0.156666667,,,,,538.72893203503,538.72893203503,,,,,,,,,,,,,,,,,,,,,,,,,,,,,,,,,,,,,,,,,,,,,,,,,,,,,,,,,
2009-Q4,964.076830006785,964.076830006785,965.890830836304,965.890830836304,,,-1.814000829519,-1.814000829519,1.81099868469,1.81099868469,1.371216022593,1.371216022593,,,0.056666667,0.056666667,,,,,539.181681706203,539.181681706203,,,,,,,,,,,,,,,,,,,,,,,,,,,,,,,,,,,,,,,,,,,,,,,,,,,,,,,,,
2010-Q1,964.57563737328,964.57563737328,966.134102759357,966.134102759357,,,-1.558465386077,-1.558465386077,0.341684607395,0.341684607395,1.106545745548,1.106545745548,,,0.106666667,0.106666667,,,,,539.267102858051,539.267102858051,,,,,,,,,,,,,,,,,,,,,,,,,,,,,,,,,,,,,,,,,,,,,,,,,,,,,,,,,
2010-Q2,965.538689740683,965.538689740683,966.399771269772,966.399771269772,,,-0.861081529089,-0.861081529089,0.589826152077,0.589826152077,0.894283073323,0.894283073323,,,0.146666667,0.146666667,,,,,539.414559396071,539.414559396071,,,,,,,,,,,,,,,,,,,,,,,,,,,,,,,,,,,,,,,,,,,,,,,,,,,,,,,,,
2010-Q3,966.308860447767,966.308860447767,966.688604840983,966.688604840983,,,-0.379744393216,-0.379744393216,0.922698651324,0.922698651324,0.916302023872,0.916302023872,,,0.156666667,0.156666667,,,,,539.645234058902,539.645234058902,,,,,,,,,,,,,,,,,,,,,,,,,,,,,,,,,,,,,,,,,,,,,,,,,,,,,,,,,
2010-Q4,966.827110369205,966.827110369205,967.000833770472,967.000833770472,,,-0.173723401266,-0.173723401266,1.230377573119,1.230377573119,0.771146745979,0.771146745979,,,0.136666667,0.136666667,,,,,539.952828452181,539.952828452181,,,,,,,,,,,,,,,,,,,,,,,,,,,,,,,,,,,,,,,,,,,,,,,,,,,,,,,,,
2011-Q1,966.585903631402,966.585903631402,967.336451015471,967.336451015471,,,-0.750547384069,-0.750547384069,2.37160543365,2.37160543365,1.278626952542,1.278626952542,,,0.126666667,0.126666667,,,,,540.545729810594,540.545729810594,,,,,,,,,,,,,,,,,,,,,,,,,,,,,,,,,,,,,,,,,,,,,,,,,,,,,,,,,
2011-Q2,967.261665957135,967.261665957135,967.695340956088,967.695340956088,,,-0.433674998954,-0.433674998954,2.424307688058,2.424307688058,1.737247336538,1.737247336538,,,0.046666667,0.046666667,,,,,541.151806732608,541.151806732608,,,,,,,,,,,,,,,,,,,,,,,,,,,,,,,,,,,,,,,,,,,,,,,,,,,,,,,,,
2011-Q3,967.22289127807,967.22289127807,968.076918880318,968.076918880318,,,-0.854027602247,-0.854027602247,3.04827101922,3.04827101922,2.268640428512,2.268640428512,,,0.023333333,0.023333333,,,,,541.913874487413,541.913874487413,,,,,,,,,,,,,,,,,,,,,,,,,,,,,,,,,,,,,,,,,,,,,,,,,,,,,,,,,
2011-Q4,968.338325301368,968.338325301368,968.480329029277,968.480329029277,,,-0.142003727909,-0.142003727909,2.226405912289,2.226405912289,2.517647513304,2.517647513304,,,0.013333333,0.013333333,,,,,542.470475965486,542.470475965486,,,,,,,,,,,,,,,,,,,,,,,,,,,,,,,,,,,,,,,,,,,,,,,,,,,,,,,,,
2012-Q1,969.152921286022,969.152921286022,968.904181876834,968.904181876834,,,0.248739409188,0.248739409188,2.070325564199,2.070325564199,2.442327545942,2.442327545942,,,0.066666667,0.066666667,,,,,542.988057356535,542.988057356535,,,,,,,,,,,,,,,,,,,,,,,,,,,,,,,,,,,,,,,,,,,,,,,,,,,,,,,,,
2012-Q2,969.607745378211,969.607745378211,969.346999144525,969.346999144525,,,0.260746233686,0.260746233686,1.922412045898,1.922412045898,2.316853635402,2.316853635402,,,0.086666667,0.086666667,,,,,543.46866036801,543.46866036801,,,,,,,,,,,,,,,,,,,,,,,,,,,,,,,,,,,,,,,,,,,,,,,,,,,,,,,,,
2012-Q3,969.782475613588,969.782475613588,969.80745801602,969.80745801602,,,-0.024982402432,-0.024982402432,1.74877425619,1.74877425619,1.991979444644,1.991979444644,,,0.103333333,0.103333333,,,,,543.905853932058,543.905853932058,,,,,,,,,,,,,,,,,,,,,,,,,,,,,,,,,,,,,,,,,,,,,,,,,,,,,,,,,
2012-Q4,969.892253403181,969.892253403181,970.284398641378,970.284398641378,,,-0.392145238197,-0.392145238197,1.859353240144,1.859353240144,1.900216276608,1.900216276608,,,0.086666667,0.086666667,,,,,544.370692242094,544.370692242094,,,,,,,,,,,,,,,,,,,,,,,,,,,,,,,,,,,,,,,,,,,,,,,,,,,,,,,,,
2013-Q1,970.756299299795,970.756299299795,970.776645556662,970.776645556662,,,-0.020346256866,-0.020346256866,1.919025997393,1.919025997393,1.862391384906,1.862391384906,,,0.086666667,0.086666667,,,,,544.850448741442,544.850448741442,,,,,,,,,,,,,,,,,,,,,,,,,,,,,,,,,,,,,,,,,,,,,,,,,,,,,,,,,
2013-Q2,970.895587468536,970.895587468536,971.282778207156,971.282778207156,,,-0.38719073862,-0.38719073862,0.932319321518,0.932319321518,1.614868203811,1.614868203811,,,0.05,0.05,,,,,545.083528571821,545.083528571821,,,,,,,,,,,,,,,,,,,,,,,,,,,,,,,,,,,,,,,,,,,,,,,,,,,,,,,,,
2013-Q3,971.684123744181,971.684123744181,971.801363321738,971.801363321738,,,-0.117239577557,-0.117239577557,1.978904649966,1.978904649966,1.672400802255,1.672400802255,,,0.033333333,0.033333333,,,,,545.578254734312,545.578254734312,,,,,,,,,,,,,,,,,,,,,,,,,,,,,,,,,,,,,,,,,,,,,,,,,,,,,,,,,
2013-Q4,972.392777850684,972.392777850684,972.33072563507,972.33072563507,,,0.062052215614,0.062052215614,1.646557198824,1.646557198824,1.619201791925,1.619201791925,,,0.063333333,0.063333333,,,,,545.989894034019,545.989894034019,,,,,,,,,,,,,,,,,,,,,,,,,,,,,,,,,,,,,,,,,,,,,,,,,,,,,,,,,
2014-Q1,972.042053795755,972.042053795755,972.869116607081,972.869116607081,,,-0.827062811326,-0.827062811326,1.691772349926,1.691772349926,1.562388380059,1.562388380059,,,0.046666667,0.046666667,,,,,546.4128371215,546.4128371215,,,,,,,,,,,,,,,,,,,,,,,,,,,,,,,,,,,,,,,,,,,,,,,,,,,,,,,,,
2014-Q2,973.318007678534,973.318007678534,973.414826480334,973.414826480334,,,-0.0968188018,-0.0968188018,2.422437689252,2.422437689252,1.934917971992,1.934917971992,,,0.033333333,0.033333333,,,,,547.018446543813,547.018446543813,,,,,,,,,,,,,,,,,,,,,,,,,,,,,,,,,,,,,,,,,,,,,,,,,,,,,,,,,
2014-Q3,974.476235889015,974.476235889015,973.965628583134,973.965628583134,,,0.510607305881,0.510607305881,1.838264784352,1.838264784352,1.899758005589,1.899758005589,,,0.026666667,0.026666667,,,,,547.478012739901,547.478012739901,,,,,,,,,,,,,,,,,,,,,,,,,,,,,,,,,,,,,,,,,,,,,,,,,,,,,,,,,
2014-Q4,974.924224323164,974.924224323164,974.519235732036,974.519235732036,,,0.404988591129,0.404988591129,1.762541163234,1.762541163234,1.928753996691,1.928753996691,,,0.023333333,0.023333333,,,,,547.91864803071,547.91864803071,,,,,,,,,,,,,,,,,,,,,,,,,,,,,,,,,,,,,,,,,,,,,,,,,,,,,,,,,
2015-Q1,975.734248378674,975.734248378674,975.073679873159,975.073679873159,,,0.660568505515,0.660568505515,1.367425747069,1.367425747069,1.847667345977,1.847667345977,,,0.026666667,0.026666667,,,,,548.260504467477,548.260504467477,,,,,,,,,,,,,,,,,,,,,,,,,,,,,,,,,,,,,,,,,,,,,,,,,,,,,,,,,
2015-Q2,976.31257427765,976.31257427765,975.627246070495,975.627246070495,,,0.685328207155,0.685328207155,2.075510658293,2.075510658293,1.760935588237,1.760935588237,,,0.02,0.02,,,,,548.77938213205,548.77938213205,,,,,,,,,,,,,,,,,,,,,,,,,,,,,,,,,,,,,,,,,,,,,,,,,,,,,,,,,
2015-Q3,976.635425225214,976.635425225214,976.178632243348,976.178632243348,,,0.456792981866,0.456792981866,2.026382238482,2.026382238482,1.80796495177,1.80796495177,,,0.04,0.04,,,,,549.285977691671,549.285977691671,,,,,,,,,,,,,,,,,,,,,,,,,,,,,,,,,,,,,,,,,,,,,,,,,,,,,,,,,
2015-Q4,976.781552753494,976.781552753494,976.726964641155,976.726964641155,,,0.054588112339,0.054588112339,1.959921363868,1.959921363868,1.857310001928,1.857310001928,,,0.123333333,0.123333333,,,,,549.775958032638,549.775958032638,,,,,,,,,,,,,,,,,,,,,,,,,,,,,,,,,,,,,,,,,,,,,,,,,,,,,,,,,
2016-Q1,977.369003744944,977.369003744944,977.271655008964,977.271655008964,,,0.09734873598,0.09734873598,1.728568408359,1.728568408359,1.947595667251,1.947595667251,,,0.286666667,0.286666667,,,,,550.208100134728,550.208100134728,,,,,,,,,,,,,,,,,,,,,,,,,,,,,,,,,,,,,,,,,,,,,,,,,,,,,,,,,
2016-Q2,977.67093627625,977.67093627625,977.812149209393,977.812149209393,,,-0.141212933143,-0.141212933143,2.136736884418,2.136736884418,1.962902223782,1.962902223782,,,0.256666667,0.256666667,,,,,550.742284355832,550.742284355832,,,,,,,,,,,,,,,,,,,,,,,,,,,,,,,,,,,,,,,,,,,,,,,,,,,,,,,,,
2016-Q3,978.270252164766,978.270252164766,978.347953948022,978.347953948022,,,-0.077701783256,-0.077701783256,1.723828925167,1.723828925167,1.887263895453,1.887263895453,,,0.296666667,0.296666667,,,,,551.173241587124,551.173241587124,,,,,,,,,,,,,,,,,,,,,,,,,,,,,,,,,,,,,,,,,,,,,,,,,,,,,,,,,
2016-Q4,978.765910542638,978.765910542638,978.878487672346,978.878487672346,,,-0.112577129707,-0.112577129707,1.583421845724,1.583421845724,1.793139015917,1.793139015917,,,0.43,0.43,,,,,551.569097048555,551.569097048555,,,,,,,,,,,,,,,,,,,,,,,,,,,,,,,,,,,,,,,,,,,,,,,,,,,,,,,,,
2017-Q1,979.194653240316,979.194653240316,979.403120266246,979.403120266246,,,-0.20846702593,-0.20846702593,1.975574152743,1.975574152743,1.854890452013,1.854890452013,,,0.59,0.59,,,,,552.06299058674,552.06299058674,,,,,,,,,,,,,,,,,,,,,,,,,,,,,,,,,,,,,,,,,,,,,,,,,,,,,,,,,
2017-Q2,979.697181431003,979.697181431003,979.921151252897,979.921151252897,,,-0.223969821895,-0.223969821895,1.161944033828,1.161944033828,1.611192239366,1.611192239366,,,0.89,0.89,,,,,552.353476595198,552.353476595198,,,,,,,,,,,,,,,,,,,,,,,,,,,,,,,,,,,,,,,,,,,,,,,,,,,,,,,,,
2017-Q3,980.521265228803,980.521265228803,980.431749863583,980.431749863583,,,0.08951536522,0.08951536522,1.489591513114,1.489591513114,1.552632886352,1.552632886352,,,1.036666667,1.036666667,,,,,552.725874473476,552.725874473476,,,,,,,,,,,,,,,,,,,,,,,,,,,,,,,,,,,,,,,,,,,,,,,,,,,,,,,,,
2017-Q4,981.521902202368,981.521902202368,980.933945348446,980.933945348446,,,0.587956853922,0.587956853922,2.150207268022,2.150207268022,1.694329241927,1.694329241927,,,1.206666667,1.206666667,,,,,553.263426290482,553.263426290482,,,,,,,,,,,,,,,,,,,,,,,,,,,,,,,,,,,,,,,,,,,,,,,,,,,,,,,,,
2018-Q1,982.212168236906,982.212168236906,981.426822904736,981.426822904736,,,0.78534533217,0.78534533217,2.696490595093,2.696490595093,1.874558352514,1.874558352514,,,1.56,1.56,,,,,553.937548939255,553.937548939255,,,,,,,,,,,,,,,,,,,,,,,,,,,,,,,,,,,,,,,,,,,,,,,,,,,,,,,,,
2018-Q2,982.907090967158,982.907090967158,981.909835202733,981.909835202733,,,0.997255764425,0.997255764425,1.91849652932,1.91849652932,2.063696476387,2.063696476387,,,1.84,1.84,,,,,554.417173071585,554.417173071585,,,,,,,,,,,,,,,,,,,,,,,,,,,,,,,,,,,,,,,,,,,,,,,,,,,,,,,,,
2018-Q3,983.626532681605,983.626532681605,982.382925753551,982.382925753551,,,1.243606928054,1.243606928054,1.457143375598,1.457143375598,2.055584442008,2.055584442008,,,2.04,2.04,,,,,554.781458915484,554.781458915484,,,,,,,,,,,,,,,,,,,,,,,,,,,,,,,,,,,,,,,,,,,,,,,,,,,,,,,,,
2018-Q4,983.808150854273,983.808150854273,982.846661353157,982.846661353157,,,0.961489501116,0.961489501116,2.201641814127,2.201641814127,2.068443078534,2.068443078534,,,2.316666667,2.316666667,,,,,555.331869369016,555.331869369016,,,,,,,,,,,,,,,,,,,,,,,,,,,,,,,,,,,,,,,,,,,,,,,,,,,,,,,,,
2019-Q1,984.349394096585,984.349394096585,983.302386051847,983.302386051847,,,1.047008044737,1.047008044737,2.628639412068,2.628639412068,2.051480282778,2.051480282778,,,2.386666667,2.386666667,,,,,555.989029222033,555.989029222033,,,,,,,,,,,,,,,,,,,,,,,,,,,,,,,,,,,,,,,,,,,,,,,,,,,,,,,,,
2019-Q2,985.02014844196,985.02014844196,983.752044830856,983.752044830856,,,1.268103611104,1.268103611104,1.79840259734,1.79840259734,2.021456799783,2.021456799783,,,2.3,2.3,,,,,556.438629871368,556.438629871368,,,,,,,,,,,,,,,,,,,,,,,,,,,,,,,,,,,,,,,,,,,,,,,,,,,,,,,,,
2019-Q3,985.906178053663,985.906178053663,984.198237051447,984.198237051447,,,1.707941002216,1.707941002216,2.133539549376,2.133539549376,2.190555843228,2.190555843228,,,1.98,1.98,,,,,556.972014758712,556.972014758712,,,,,,,,,,,,,,,,,,,,,,,,,,,,,,,,,,,,,,,,,,,,,,,,,,,,,,,,,
2019-Q4,986.348246384076,986.348246384076,984.644354639638,984.644354639638,,,1.703891744439,1.703891744439,2.359237150252,2.359237150252,2.229954677259,2.229954677259,,,1.576666667,1.576666667,,,,,557.561824046275,557.561824046275,,,,,,,,,,,,,,,,,,,,,,,,,,,,,,,,,,,,,,,,,,,,,,,,,,,,,,,,,
2020-Q1,985.166132669215,985.166132669215,985.094856984575,985.094856984575,,,0.07127568464,0.07127568464,2.439818081086,2.439818081086,2.182749344513,2.182749344513,,,1.11,1.11,,,,,558.171778566546,558.171778566546,,,,,,,,,,,,,,,,,,,,,,,,,,,,,,,,,,,,,,,,,,,,,,,,,,,,,,,,,
2020-Q2,976.300128790292,976.300128790292,985.555268407744,985.555268407744,,,-9.255139617451,-9.255139617451,-0.22602928688,-0.22602928688,1.676641373458,1.676641373458,,,0.143333333,0.143333333,,,,,558.115271244826,558.115271244826,,,,,,,,,,,,,,,,,,,,,,,,,,,,,,,,,,,,,,,,,,,,,,,,,,,,,,,,,
2020-Q3,983.861404196253,983.861404196253,986.031157777932,986.031157777932,,,-2.169753581679,-2.169753581679,3.33873764491,3.33873764491,1.977940897342,1.977940897342,,,0.113333333,0.113333333,,,,,558.949955656054,558.949955656054,,,,,,,,,,,,,,,,,,,,,,,,,,,,,,,,,,,,,,,,,,,,,,,,,,,,,,,,,
2020-Q4,984.82000815083,984.82000815083,986.522309501665,986.522309501665,,,-1.702301350836,-1.702301350836,2.238355176258,2.238355176258,1.947720403843,1.947720403843,,,0.093333333,0.093333333,,,,,559.509544450118,559.509544450118,,,,,,,,,,,,,,,,,,,,,,,,,,,,,,,,,,,,,,,,,,,,,,,,,,,,,,,,,
2021-Q1,986.351020120436,986.351020120436,987.027151889483,987.027151889483,,,-0.676131769046,-0.676131769046,1.699818016028,1.699818016028,1.762720387579,1.762720387579,,,0.05,0.05,,,,,559.934498954125,559.934498954125,,,,,,,,,,,,,,,,,,,,,,,,,,,,,,,,,,,,,,,,,,,,,,,,,,,,,,,,,
2021-Q2,988.043630217348,988.043630217348,987.543049313578,987.543049313578,,,0.500580903771,0.500580903771,6.496951044359,6.496951044359,3.443465470389,3.443465470389,,,0.026666667,0.026666667,,,,,561.558736715215,561.558736715215,,,,,,,,,,,,,,,,,,,,,,,,,,,,,,,,,,,,,,,,,,,,,,,,,,,,,,,,,
2021-Q3,988.51230680483,988.487454296584,987.918049313578,987.918049313577,1.5,1.5,0.594257491252,0.569404983006,6.302180963626,6.57082853913,4.184326300068,4.251488193944,5.932071422451,6.58163602671,4.243853288201,5.141942974932,-2.18821813425,-1.939693051778,-1.68821813425,-1.439693051778,563.134281956121,563.201443849998,0.0,0.0,0.0,0.0,0.0,0.0,0.0,0.0,0.0,0.0,0.0,0.0,0.0,0.0,0.0,0.0,988.51230680483,988.487454296584,0.594257491252,0.569404983006,-2.169753581679,-2.169753581678,4.243853288201,5.141942974932,563.134281956121,563.201443849998,0.5,0.5,2.0,2.0,1.5,1.5,0.75,0.75,0.1,0.1,0.55,0.8,0.1,0.1,1.0,1.0,0.75,0.75,4.0,4.0,1.0,1.0,1.0,1.0,1.0,1.0,1.0,1.0,1.0,1.0,
2021-Q4,988.64413812231,988.535139795506,988.293049313579,988.293049313577,1.5,1.5,0.351088808732,0.242090481929,5.932071422451,6.58163602671,5.107755361616,5.337308406557,5.401695581297,6.503820736066,6.847738678366,8.853453289334,0.94604309707,1.849632553268,1.44604309707,2.349632553268,564.617299811732,564.846852856676,0.0,0.0,0.0,0.0,0.0,0.0,0.0,0.0,0.0,0.0,0.0,0.0,0.0,0.0,0.0,0.0,988.64413812231,988.535139795506,0.351088808732,0.242090481929,-1.702301350836,-1.702301350835,6.847738678366,8.853453289334,564.617299811732,564.846852856676,0.5,0.5,2.0,2.0,1.5,1.5,0.75,0.75,0.1,0.1,0.55,0.8,0.1,0.1,1.0,1.0,0.75,0.75,4.0,4.0,1.0,1.0,1.0,1.0,1.0,1.0,1.0,1.0,1.0,1.0,
2022-Q1,988.641018973124,988.390195266907,988.668049313579,988.668049313576,1.5,1.5,-0.027030340455,-0.277854046669,5.401695581297,6.503820736066,6.033224752933,6.538309086566,4.759465184431,6.331486596822,8.162934654459,11.425705677987,2.903469470028,4.594219081165,3.403469470028,5.094219081165,565.967723707056,566.472808040693,0.0,0.0,0.0,0.0,0.0,0.0,0.0,0.0,0.0,0.0,0.0,0.0,0.0,0.0,0.0,0.0,988.641018973124,988.390195266907,-0.027030340455,-0.277854046669,-0.676131769047,-0.676131769046,8.162934654459,11.425705677987,565.967723707056,566.472808040693,0.5,0.5,2.0,2.0,1.5,1.5,0.75,0.75,0.1,0.1,0.55,0.8,0.1,0.1,1.0,1.0,0.75,0.75,4.0,4.0,1.0,1.0,1.0,1.0,1.0,1.0,1.0,1.0,1.0,1.0,
2022-Q2,988.630643487673,988.185267647394,989.04304931358,989.043049313576,1.5,1.5,-0.412405825906,-0.857781666182,4.759465184431,6.331486596822,5.598853287951,6.496942974682,4.066162660686,6.071040872941,8.487493366335,13.064952184748,3.921330705649,6.493911311808,4.421330705649,6.993911311807,567.157590003163,568.055679689899,0.0,0.0,0.0,0.0,0.0,0.0,0.0,0.0,0.0,0.0,0.0,0.0,0.0,0.0,0.0,0.0,988.630643487673,988.185267647394,-0.412405825906,-0.857781666182,0.50058090377,0.500580903772,8.487493366335,13.064952184748,567.157590003163,568.055679689899,0.5,0.5,2.0,2.0,1.5,1.5,0.75,0.75,0.1,0.1,0.55,0.8,0.1,0.1,1.0,1.0,0.75,0.75,4.0,4.0,1.0,1.0,1.0,1.0,1.0,1.0,1.0,1.0,1.0,1.0,
2022-Q3,988.687221202597,988.004335992165,989.41804931358,989.418049313575,1.5,1.5,-0.730828110983,-1.413713321411,4.066162660686,6.071040872941,5.039848712216,6.371996058135,3.381199156326,5.736114638119,8.09643657185,13.939885355867,4.215237415524,7.703770717748,4.715237415524,8.203770717748,568.174130668333,569.573439908134,0.0,0.0,0.0,0.0,0.0,0.0,0.0,0.0,0.0,0.0,0.0,0.0,0.0,0.0,0.0,0.0,988.687221202597,988.004335992165,-0.730828110983,-1.413713321411,0.594257491252,0.569404983008,8.09643657185,13.939885355867,568.174130668333,569.573439908134,0.5,0.5,2.0,2.0,1.5,1.5,0.75,0.75,0.1,0.1,0.55,0.8,0.1,0.1,1.0,1.0,0.75,0.75,4.0,4.0,1.0,1.0,1.0,1.0,1.0,1.0,1.0,1.0,1.0,1.0,
2022-Q4,988.84660499072,987.897769516945,989.793049313581,989.793049313575,1.5,1.5,-0.94644432286,-1.895279796631,3.381199156326,5.736114638119,4.402130645685,6.160615710987,2.754342500521,5.344049597149,7.237574896746,14.19399765288,3.983232396225,8.349948055732,4.483232396225,8.849948055731,569.019430457414,571.007468567665,0.0,0.0,0.0,0.0,0.0,0.0,0.0,0.0,0.0,0.0,0.0,0.0,0.0,0.0,0.0,0.0,988.84660499072,987.897769516945,-0.94644432286,-1.895279796631,0.351088808731,0.24209048193,7.237574896746,14.19399765288,569.019430457414,571.007468567665,0.5,0.5,2.0,2.0,1.5,1.5,0.75,0.75,0.1,0.1,0.55,0.8,0.1,0.1,1.0,1.0,0.75,0.75,4.0,4.0,1.0,1.0,1.0,1.0,1.0,1.0,1.0,1.0,1.0,1.0,
2023-Q1,989.117850540107,987.892668658076,990.168049313582,990.168049313574,1.5,1.5,-1.050198773474,-2.275380655498,2.754342500521,5.344049597149,3.740292375491,5.870672926258,2.221561870865,4.913479761015,6.125217184145,13.952687841277,3.40365531328,8.539208080262,3.90365531328,9.039208080262,569.708016082543,572.343480966952,0.0,0.0,0.0,0.0,0.0,0.0,0.0,0.0,0.0,0.0,0.0,0.0,0.0,0.0,0.0,0.0,989.117850540107,987.892668658076,-1.050198773474,-2.275380655498,-0.027030340455,-0.277854046668,6.125217184145,13.952687841277,569.708016082543,572.343480966952,0.5,0.5,2.0,2.0,1.5,1.5,0.75,0.75,0.1,0.1,0.55,0.8,0.1,0.1,1.0,1.0,0.75,0.75,4.0,4.0,1.0,1.0,1.0,1.0,1.0,1.0,1.0,1.0,1.0,1.0,
2023-Q2,989.492295722595,988.000069051268,990.543049313582,990.543049313574,1.5,1.5,-1.050753590987,-2.542980262307,2.221561870865,4.913479761015,3.105816547099,5.516171217306,1.803886343726,4.462690547636,4.934931452537,13.327138254471,2.631045108811,8.364447706835,3.131045108811,8.864447706835,570.263406550258,573.571850907207,0.0,0.0,0.0,0.0,0.0,0.0,0.0,0.0,0.0,0.0,0.0,0.0,0.0,0.0,0.0,0.0,989.492295722595,988.000069051268,-1.050753590987,-2.542980262307,-0.412405825907,-0.857781666181,4.934931452537,13.327138254471,570.263406550258,573.571850907207,0.5,0.5,2.0,2.0,1.5,1.5,0.75,0.75,0.1,0.1,0.55,0.8,0.1,0.1,1.0,1.0,0.75,0.75,4.0,4.0,1.0,1.0,1.0,1.0,1.0,1.0,1.0,1.0,1.0,1.0,
2023-Q3,989.950732470552,988.220039700474,990.918049313583,990.918049313573,1.5,1.5,-0.96731684303,-2.6980096131,1.803886343726,4.462690547636,2.540247467859,5.11408363598,1.50835333123,4.008538500669,3.800869829123,12.416282664373,1.792516497893,7.907744163704,2.292516497893,8.407744163704,570.714378136189,574.687523544116,0.0,0.0,0.0,0.0,0.0,0.0,0.0,0.0,0.0,0.0,0.0,0.0,0.0,0.0,0.0,0.0,989.950732470552,988.220039700474,-0.96731684303,-2.6980096131,-0.730828110983,-1.413713321409,3.800869829123,12.416282664373,570.714378136189,574.687523544116,0.5,0.5,2.0,2.0,1.5,1.5,0.75,0.75,0.1,0.1,0.55,0.8,0.1,0.1,1.0,1.0,0.75,0.75,4.0,4.0,1.0,1.0,1.0,1.0,1.0,1.0,1.0,1.0,1.0,1.0,
2023-Q4,990.468980531867,988.545348569711,991.293049313583,991.293049313573,1.5,1.5,-0.824068781715,-2.747700743863,1.50835333123,4.008538500669,2.072036011586,4.682189601617,1.330272711893,3.565780684732,2.816084206316,11.307716025118,0.985811494423,7.241935340387,1.485811494423,7.741935340386,571.091466468995,575.689658169284,0.0,0.0,0.0,0.0,0.0,0.0,0.0,0.0,0.0,0.0,0.0,0.0,0.0,0.0,0.0,0.0,990.468980531867,988.545348569711,-0.824068781715,-2.747700743863,-0.946444322861,-1.895279796629,2.816084206316,11.307716025118,571.091466468995,575.689658169284,0.5,0.5,2.0,2.0,1.5,1.5,0.75,0.75,0.1,0.1,0.55,0.8,0.1,0.1,1.0,1.0,0.75,0.75,4.0,4.0,1.0,1.0,1.0,1.0,1.0,1.0,1.0,1.0,1.0,1.0,
2024-Q1,991.022056536604,988.964135833452,991.668049313584,991.668049313572,1.5,1.5,-0.64599277698,-2.703913480121,1.330272711893,3.565780684732,1.716018564429,4.237622373513,1.256172572033,3.146706161043,2.03558447896,10.078085383292,0.279411906928,6.43137922225,0.779411906928,6.931379222249,571.424034646968,576.581103340467,0.0,0.0,0.0,0.0,0.0,0.0,0.0,0.0,0.0,0.0,0.0,0.0,0.0,0.0,0.0,0.0,991.022056536604,988.964135833452,-0.64599277698,-2.703913480121,-1.050198773474,-2.275380655497,2.03558447896,10.078085383292,571.424034646968,576.581103340467,0.5,0.5,2.0,2.0,1.5,1.5,0.75,0.75,0.1,0.1,0.55,0.8,0.1,0.1,1.0,1.0,0.75,0.75,4.0,4.0,1.0,1.0,1.0,1.0,1.0,1.0,1.0,1.0,1.0,1.0,
2024-Q2,991.587095866149,989.461883924331,992.043049313584,992.043049313572,1.5,1.5,-0.455953447436,-2.581165389242,1.256172572033,3.146706161043,1.474671239721,3.79592897352,1.266928722744,2.76099076091,1.481517369743,8.793293552424,-0.285411353,5.532302791515,0.214588647,6.032302791515,571.738077789975,577.367779880728,0.0,0.0,0.0,0.0,0.0,0.0,0.0,0.0,0.0,0.0,0.0,0.0,0.0,0.0,0.0,0.0,991.587095866149,989.461883924331,-0.455953447436,-2.581165389242,-1.050753590988,-2.542980262305,1.481517369743,8.793293552424,571.738077789975,577.367779880728,0.5,0.5,2.0,2.0,1.5,1.5,0.75,0.75,0.1,0.1,0.55,0.8,0.1,0.1,1.0,1.0,0.75,0.75,4.0,4.0,1.0,1.0,1.0,1.0,1.0,1.0,1.0,1.0,1.0,1.0,
2024-Q3,992.145186588839,990.022875932065,992.418049313585,992.418049313572,1.5,1.5,-0.272862724745,-2.395173381508,1.266928722744,2.76099076091,1.340431834475,3.370504026838,1.340711290223,2.415715851132,1.149687681905,7.508709246899,-0.691023608318,4.592993395768,-0.191023608318,5.092993395768,572.05480997066,578.058027570956,0.0,0.0,0.0,0.0,0.0,0.0,0.0,0.0,0.0,0.0,0.0,0.0,0.0,0.0,0.0,0.0,992.145186588839,990.022875932065,-0.272862724745,-2.395173381508,-0.967316843031,-2.698009613099,1.149687681905,7.508709246899,572.05480997066,578.058027570956,0.5,0.5,2.0,2.0,1.5,1.5,0.75,0.75,0.1,0.1,0.55,0.8,0.1,0.1,1.0,1.0,0.75,0.75,4.0,4.0,1.0,1.0,1.0,1.0,1.0,1.0,1.0,1.0,1.0,1.0,
2024-Q4,992.682288683794,990.631271164135,992.793049313586,992.793049313571,1.5,1.5,-0.110760629792,-2.161778149437,1.340711290223,2.415715851131,1.298521324223,2.972298364454,1.455503457095,2.115505286736,1.016639319414,6.269486419803,-0.938864137681,3.653981133067,-0.438864137681,4.153981133067,572.389987793215,578.66195653374,0.0,0.0,0.0,0.0,0.0,0.0,0.0,0.0,0.0,0.0,0.0,0.0,0.0,0.0,0.0,0.0,992.682288683794,990.631271164135,-0.110760629792,-2.161778149437,-0.824068781716,-2.747700743862,1.016639319414,6.269486419803,572.389987793215,578.66195653374,0.5,0.5,2.0,2.0,1.5,1.5,0.75,0.75,0.1,0.1,0.55,0.8,0.1,0.1,1.0,1.0,0.75,0.75,4.0,4.0,1.0,1.0,1.0,1.0,1.0,1.0,1.0,1.0,1.0,1.0,
2025-Q1,993.189423620836,991.27188650879,993.168049313586,993.168049313571,1.5,1.5,0.021374307251,-1.896162804782,1.455503457096,2.115505286736,1.329829010524,2.609729514955,1.591055148328,1.862744431546,1.046607352379,5.111036358592,-1.044447795949,2.748291927047,-0.544447795949,3.248291927046,572.753863657488,579.190832855424,0.0,0.0,0.0,0.0,0.0,0.0,0.0,0.0,0.0,0.0,0.0,0.0,0.0,0.0,0.0,0.0,993.189423620836,991.27188650879,0.021374307251,-1.896162804782,-0.645992776981,-2.70391348012,1.046607352379,5.111036358592,572.753863657488,579.190832855424,0.5,0.5,2.0,2.0,1.5,1.5,0.75,0.75,0.1,0.1,0.55,0.8,0.1,0.1,1.0,1.0,0.75,0.75,4.0,4.0,1.0,1.0,1.0,1.0,1.0,1.0,1.0,1.0,1.0,1.0,
2025-Q2,993.662322269494,991.930746596935,993.543049313587,993.54304931357,1.5,1.5,0.119272955908,-1.612302716636,1.591055148328,1.862744431546,1.413549654598,2.288739082581,1.730224336299,1.657852369102,1.197802081594,4.059658499607,-1.032422254704,1.901806130505,-0.532422254704,2.401806130505,573.151627444569,579.656518963311,0.0,0.0,0.0,0.0,0.0,0.0,0.0,0.0,0.0,0.0,0.0,0.0,0.0,0.0,0.0,0.0,993.662322269494,991.930746596935,0.119272955908,-1.612302716636,-0.455953447436,-2.581165389241,1.197802081594,4.059658499607,573.151627444569,579.656518963311,0.5,0.5,2.0,2.0,1.5,1.5,0.75,0.75,0.1,0.1,0.55,0.8,0.1,0.1,1.0,1.0,0.75,0.75,4.0,4.0,1.0,1.0,1.0,1.0,1.0,1.0,1.0,1.0,1.0,1.0,
2025-Q3,994.100711067782,992.595449377076,993.918049313587,993.91804931357,1.5,1.5,0.182661754195,-1.322599936494,1.730224336299,1.657852369102,1.529373557986,2.012954484629,1.859728509553,1.499584087575,1.427658136905,3.133313077755,-0.932070372648,1.13372899018,-0.432070372648,1.63372899018,573.584183528643,580.070982055587,0.0,0.0,0.0,0.0,0.0,0.0,0.0,0.0,0.0,0.0,0.0,0.0,0.0,0.0,0.0,0.0,994.100711067782,992.595449377076,0.182661754195,-1.322599936494,-0.272862724746,-2.395173381506,1.427658136905,3.133313077755,573.584183528643,580.070982055587,0.5,0.5,2.0,2.0,1.5,1.5,0.75,0.75,0.1,0.1,0.55,0.8,0.1,0.1,1.0,1.0,0.75,0.75,4.0,4.0,1.0,1.0,1.0,1.0,1.0,1.0,1.0,1.0,1.0,1.0,
2025-Q4,994.507398321696,993.255383167648,994.293049313588,994.293049313569,1.5,1.5,0.214349008108,-1.037666145922,1.859728509553,1.499584087575,1.659127862819,1.78392154374,1.970378275062,1.385344034429,1.696851350435,2.342505969946,-0.773526924627,0.457161935518,-0.273526924627,0.957161935517,574.04911565603,580.445878077482,0.0,0.0,0.0,0.0,0.0,0.0,0.0,0.0,0.0,0.0,0.0,0.0,0.0,0.0,0.0,0.0,994.507398321696,993.255383167648,0.214349008108,-1.037666145922,-0.110760629792,-2.161778149435,1.696851350435,2.342505969946,574.04911565603,580.445878077482,0.5,0.5,2.0,2.0,1.5,1.5,0.75,0.75,0.1,0.1,0.55,0.8,0.1,0.1,1.0,1.0,0.75,0.75,4.0,4.0,1.0,1.0,1.0,1.0,1.0,1.0,1.0,1.0,1.0,1.0,
2026-Q1,994.88729694299,993.901824315072,994.668049313588,994.668049313569,1.5,1.5,0.219247629402,-0.766224998498,1.970378275062,1.385344034429,1.78784656731,1.601381230663,2.056895181927,1.311496321093,1.972036448717,1.691250211662,-0.58485873321,-0.120246109431,-0.08485873321,0.379753890569,574.541710224795,580.792214086089,0.0,0.0,0.0,0.0,0.0,0.0,0.0,0.0,0.0,0.0,0.0,0.0,0.0,0.0,0.0,0.0,994.88729694299,993.901824315072,0.219247629402,-0.766224998498,0.02137430725,-1.89616280478,1.972036448717,1.691250211662,574.541710224795,580.792214086089,0.5,0.5,2.0,2.0,1.5,1.5,0.75,0.75,0.1,0.1,0.55,0.8,0.1,0.1,1.0,1.0,0.75,0.75,4.0,4.0,1.0,1.0,1.0,1.0,1.0,1.0,1.0,1.0,1.0,1.0,
2026-Q2,995.246490009848,994.527939842218,995.043049313589,995.043049313568,1.5,1.5,0.203440696259,-0.515109471351,2.056895181927,1.311496321093,1.90430657571,1.46356920305,2.117429024483,1.273660203423,2.227379282399,1.178067428205,-0.390049742083,-0.595592775218,0.109950257917,-0.095592775218,575.055934020276,581.120088166363,0.0,0.0,0.0,0.0,0.0,0.0,0.0,0.0,0.0,0.0,0.0,0.0,0.0,0.0,0.0,0.0,995.246490009848,994.527939842218,0.203440696259,-0.515109471351,0.119272955907,-1.612302716635,2.227379282399,1.178067428205,575.055934020276,581.120088166363,0.5,0.5,2.0,2.0,1.5,1.5,0.75,0.75,0.1,0.1,0.55,0.8,0.1,0.1,1.0,1.0,0.75,0.75,4.0,4.0,1.0,1.0,1.0,1.0,1.0,1.0,1.0,1.0,1.0,1.0,
2026-Q3,995.591414378383,995.128716023331,995.41804931359,995.418049313568,1.5,1.5,0.173365064794,-0.289333290237,2.117429024483,1.273660203423,2.001107747756,1.36752116163,2.152889262096,1.266982377864,2.445043836089,0.796994245113,-0.207845426006,-0.96998813275,0.292154573994,-0.469988132751,575.585291276395,581.438503217219,0.0,0.0,0.0,0.0,0.0,0.0,0.0,0.0,0.0,0.0,0.0,0.0,0.0,0.0,0.0,0.0,995.591414378383,995.128716023331,0.173365064794,-0.289333290237,0.182661754194,-1.322599936493,2.445043836089,0.796994245113,575.585291276395,581.438503217219,0.5,0.5,2.0,2.0,1.5,1.5,0.75,0.75,0.1,0.1,0.55,0.8,0.1,0.1,1.0,1.0,0.75,0.75,4.0,4.0,1.0,1.0,1.0,1.0,1.0,1.0,1.0,1.0,1.0,1.0,
2026-Q4,995.928207882655,995.70083111391,995.79304931359,995.793049313568,1.5,1.5,0.135158569065,-0.092218199658,2.152889262096,1.266982377864,2.074397935892,1.309370734202,2.166194314942,1.286380175456,2.614846610242,0.538562495262,-0.0513477047,-1.247817680193,0.4486522953,-0.747817680194,576.123513591918,581.755248811686,0.0,0.0,0.0,0.0,0.0,0.0,0.0,0.0,0.0,0.0,0.0,0.0,0.0,0.0,0.0,0.0,995.928207882655,995.70083111391,0.135158569065,-0.092218199658,0.214349008108,-1.037666145921,2.614846610242,0.538562495262,576.123513591918,581.755248811686,0.5,0.5,2.0,2.0,1.5,1.5,0.75,0.75,0.1,0.1,0.55,0.8,0.1,0.1,1.0,1.0,0.75,0.75,4.0,4.0,1.0,1.0,1.0,1.0,1.0,1.0,1.0,1.0,1.0,1.0,
